model_name,test_weighted_f1,test_accuracy,precision,recall,support,global_FPR,global_FNR,Time Consumption (s),CPU_Peak_MB,GPU_Peak_MB,cpu_mem_used,gpu_mem_used
e_graphsage_mean_no_sampling,82.99376428,0.812979503,0.852140405,0.812979503,535059,0.020780055,0.187020497,1404.685328,17261.97656,6255.875,10033.84766,4424
e_gat_no_sampling,82.99627965,0.811043268,0.854887995,0.811043268,535059,0.020995192,0.188956732,1741.449873,17528.14844,9819.875,9534.300781,8130
e_gcn,82.59492577,0.807254901,0.850897048,0.807254901,535059,0.021416122,0.192745099,1431.372107,16731.85156,6307.875,11353.42969,4984
e_graphsage_sum,84.73154149,0.830244889,0.88066504,0.830244889,535059,0.018861679,0.169755111,1281.046463,17396.58203,6257.875,9671.335938,4568
e_graphsage_sum_no_sampling,85.23795429,0.844501261,0.873182407,0.844501261,535059,0.017277638,0.155498739,1432.960328,17381.39453,6257.875,9485.175781,4568
e_graphsage_mean,81.70878887,0.790210052,0.857783913,0.790210052,535059,0.023309994,0.209789948,1365.765906,17920.43359,6257.875,10247.4375,4568
e_gat_sampling,80.28626331,0.779831757,0.845486943,0.779831757,535059,0.024463138,0.220168243,1353.902458,17468.68359,6261.875,9612.566406,4572
