model_name,test_weighted_f1,test_accuracy,precision,recall,support,global_FPR,global_FNR,Time Consumption (s),CPU_Peak_MB,GPU_Peak_MB,cpu_mem_used,gpu_mem_used
e_graphsage_mean_no_sampling,82.99376428050257,0.8129795031949748,0.8521404053762385,0.8129795031949748,535059,0.02078005520055836,0.18702049680502525,1404.6853277683,17261.9765625,6255.875,10033.84765625,4424.0
e_gat_no_sampling,82.99627964885421,0.8110432681255711,0.8548879951080965,0.8110432681255711,535059,0.02099519243049209,0.1889567318744288,1741.449873209,17528.1484375,9819.875,9534.30078125,8130.0
e_gcn,82.59492576653483,0.8072549008614003,0.8508970480541587,0.8072549008614003,535059,0.021416122126511075,0.19274509913859966,1431.372107029,16731.8515625,6307.875,11353.4296875,4984.0
e_graphsage_sum,84.7315414860825,0.8302448888814131,0.8806650402544666,0.8302448888814131,535059,0.018861679013176324,0.16975511111858693,1281.0464625359,17396.58203125,6257.875,9671.3359375,4568.0
e_graphsage_sum_no_sampling,85.2379542889988,0.8445012606086432,0.8731824069648783,0.8445012606086432,535059,0.01727763771015076,0.15549873939135683,1432.9603276253,17381.39453125,6257.875,9485.17578125,4568.0
e_graphsage_mean,81.70878886578448,0.7902100516017859,0.8577839130127182,0.7902100516017859,535059,0.023309994266468227,0.20978994839821402,1365.7659063339,17920.43359375,6257.875,10247.4375,4568.0
e_gat_sampling,80.2862633142599,0.779831756871672,0.8454869427669394,0.779831756871672,535059,0.024463138125369766,0.22016824312832792,1353.9024577141,17468.68359375,6261.875,9612.56640625,4572.0
