model_name,test_weighted_f1,test_accuracy,precision,recall,support,global_FPR,global_FNR,Time Consumption (s),CPU_Peak_MB,GPU_Peak_MB,cpu_mem_used,gpu_mem_used
e_gat_no_sampling,97.65745924131734,0.9741143639473189,0.9810744833298944,0.9741143639473189,228621,0.001848974003762934,0.025885636052681075,1216.3626739979,8326.92578125,4823.875,3313.34375,3934.0
e_gat_sampling,97.33287568932535,0.9698584119569068,0.9798667428749315,0.9698584119569068,228621,0.0021529705745066538,0.030141588043093154,722.7318162918,8448.9296875,2861.875,3802.16796875,1998.0
e_graphsage_sum,97.69160222311446,0.9723428731393879,0.9840523515433698,0.9723428731393879,228621,0.0019755090614722933,0.027657126860612103,712.9679276943,8201.53515625,2775.875,3568.65234375,1912.0
e_gcn,97.65385606665699,0.9731914391066437,0.9822325019571911,0.9731914391066437,228621,0.0019148972066683038,0.026808560893356252,827.9331464767,7826.875,2741.875,4152.203125,2010.0
e_graphsage_sum_no_sampling,95.31339420178624,0.940727229782041,0.9700263079103688,0.940727229782041,228621,0.004233769301282784,0.05927277021795898,753.1657786369,8183.50390625,2801.875,3627.88671875,1938.0
e_graphsage_mean_no_sampling,97.71276576869313,0.9737381955288447,0.9828196842661951,0.9737381955288447,228621,0.0018758431765110942,0.02626180447115532,800.9145021439,8016.3984375,2801.875,3648.953125,1890.0
e_graphsage_mean,97.14122265503062,0.965366261192104,0.9803426585285404,0.965366261192104,228621,0.0024738384862782884,0.03463373880789604,691.185888052,8141.21484375,2805.875,3635.2265625,1942.0
