model_name,test_accuracy,test_weighted_f1,test_loss,recall,precision,test_auc,global_FPR,global_FNR,time_seconds,CPU_Peak_MB,GPU_Peak_MB,cpu_mem_used,gpu_mem_used
cnn_lstm,0.788613966,0.774372277,0.655521154,0.788613966,0.773025905,94.13269862,0.023487337,0.211386034,3443.135858,"(17369.48046875,)","(615.875,)","(2002.63671875,)","(208.0,)"
cnn_gru,0.765184774,0.780517833,0.593527913,0.765184774,0.84481581,95.54306828,0.026090581,0.234815226,3084.687292,"(17830.0234375,)","(747.875,)","(2002.61328125,)","(340.0,)"
mlp,0.812153426,0.805655296,0.500796854,0.812153426,0.823805223,95.56413874,0.020871842,0.187846574,2349.526068,"(14671.80859375,)","(551.875,)","(2707.49609375,)","(284.0,)"
cnn,0.818184537,0.826240126,0.465287447,0.818184537,0.84733624,96.27131669,0.020201718,0.181815463,2789.306726,"(17129.4140625,)","(579.875,)","(2002.578125,)","(176.0,)"
gru,0.725373417,0.765044314,0.698523739,0.725373417,0.872315406,0.931964327,0.030514065,0.274626583,3616.366231,23605.52734,589.875,13953.89063,222
ae_decoder,0.707852597,0.749039008,0.745868389,0.707852597,0.844689974,0.944043503,0.032460823,0.292147403,3724.38697,23274.625,521.875,13612.51953,154
lstm,0.734150025,0.774572693,0.664420564,0.734150025,0.872258966,0.935334903,0.029538886,0.265849975,3494.525106,23520.78125,577.875,13888.4375,210
bilstm,0.73621958,0.775387937,0.652754615,0.73621958,0.878728867,0.900009615,0.029308936,0.26378042,4176.194853,23541.61328,629.875,13892.35156,262
