model_name,test_accuracy,test_weighted_f1,test_loss,recall,precision,test_fpr,test_fnr,test_auc,global_FPR,global_FNR,time_seconds,CPU_Peak_MB,GPU_Peak_MB,cpu_mem_used,gpu_mem_used
cnn_lstm,0.7886139659364668,0.7743722765583253,0.6555211544036865,0.7886139659364668,0.7730259051831005,0.023487337118170352,0.21138603406353318,94.13269861983377,0.023487337118170352,0.21138603406353318,3443.135858297348,"(17369.48046875,)","(615.875,)","(2002.63671875,)","(208.0,)"
cnn_gru,0.4685072113542619,0.2999307241424891,2.656625270843506,0.4685072113542619,0.3209366658813247,0.059054754293970904,0.5314927886457381,51.256101186559775,0.059054754293970904,0.5314927886457381,3084.6872918605804,"(17830.0234375,)","(747.875,)","(2002.61328125,)","(340.0,)"
mlp,0.8121534260707698,0.8056552956797106,0.5007968544960022,0.8121534260707698,0.8238052230565778,0.020871841547692248,0.18784657392923024,95.5641387370661,0.020871841547692248,0.18784657392923024,2349.5260679721832,"(14671.80859375,)","(551.875,)","(2707.49609375,)","(284.0,)"
cnn,0.818184536658574,0.826240125548461,0.465287446975708,0.818184536658574,0.8473362398152534,0.020201718149047324,0.1818154633414259,96.27131668540937,0.020201718149047324,0.1818154633414259,2789.3067257404327,"(17129.4140625,)","(579.875,)","(2002.578125,)","(176.0,)"
