model,F1,Precision,Recall,Support,FNR,FPR
cnn_lstm,0.361473408,0.34473429,0.464386945,535059,0.535613055,0.031731838
cnn_gru,0.334314579,0.385951771,0.397927654,535059,0.602072346,0.027846082
mlp,0.404970341,0.402731674,0.523470155,535059,0.476529845,0.025556819
cnn,0.419269045,0.408858094,0.514211306,535059,0.485788694,0.022943866
