model_name,test_weighted_f1,test_accuracy,precision,recall,support,global_FPR,global_FNR,Time Consumption (s),CPU_Peak_MB,GPU_Peak_MB,cpu_mem_used,gpu_mem_used
e_graphsage_sum_no_sampling,85.54815583920096,0.8337921612382934,0.8868698336239145,0.8337921612382934,535059,0.01846753764018963,0.16620783876170667,1400.6267735958,17553.9296875,6257.875,9684.2734375,4568.0
e_gat_sampling,78.10404459537678,0.7484314813880338,0.8339731372752037,0.7484314813880338,535059,0.027952057623551796,0.25156851861196616,1419.4479215145,17757.13671875,6261.875,9716.140625,4572.0
e_graphsage_sum,81.85642520924704,0.7926583797300858,0.8753346310254256,0.7926583797300858,535059,0.02303795780776824,0.20734162026991415,1328.3953609467,17611.87890625,6257.875,9617.75390625,4568.0
e_gat_no_sampling,82.45608987973002,0.7990688877301382,0.861309740285923,0.7990688877301382,535059,0.022325679141095758,0.20093111226986182,1833.7735164165,17682.7734375,9819.875,9343.34375,8130.0
e_graphsage_mean,70.54840258859569,0.6616317079051095,0.8351104780900269,0.6616317079051095,535059,0.037596476899432275,0.33836829209489044,1299.9511525631,17533.84765625,6257.875,9587.00390625,4568.0
e_graphsage_mean_no_sampling,82.02763510317335,0.7955627323341912,0.865570846663992,0.7955627323341912,535059,0.022715251962867646,0.20443726766580883,1478.6752717495,17621.46875,6255.875,10301.28125,4424.0
e_gcn,82.03237713057806,0.7912790925860512,0.8670261281055933,0.7912790925860512,535059,0.023191211934883195,0.20872090741394875,1482.1725802422,16860.94140625,6307.875,10226.7109375,4984.0
