model_name,test_weighted_f1,test_accuracy,precision,recall,support,global_FPR,global_FNR,Time Consumption (s),CPU_Peak_MB,GPU_Peak_MB,cpu_mem_used,gpu_mem_used
e_graphsage_sum_no_sampling,96.27217139666875,0.9512949379103407,0.9783534433485972,0.9512949379103407,228621,0.003478933006404236,0.04870506208965931,759.3462634087,8395.50390625,2801.875,3995.80859375,1938.0
e_gcn,97.58606190849845,0.9717654983575437,0.9824311988993754,0.9717654983575437,228621,0.0020167501173183064,0.02823450164245629,831.5429801941,7913.66796875,2741.875,4238.0859375,2010.0
e_gat_no_sampling,97.82496890270335,0.975137891969679,0.9836468842103985,0.975137891969679,228621,0.0017758648593086375,0.024862108030320924,1278.3884940147,8371.88671875,4129.875,3619.6171875,3262.0
e_gat_sampling,96.83262588831775,0.9568937236736783,0.9828879737908319,0.9568937236736783,228621,0.0030790197375944093,0.043106276326321726,748.7355010509,8322.73828125,2887.875,3614.5703125,2024.0
e_graphsage_sum,97.58801290644449,0.9731564466956228,0.9814948875281826,0.9731564466956228,228621,0.0019173966645983653,0.026843553304377113,713.5458927155,8293.0546875,2775.875,3356.2265625,1912.0
e_graphsage_mean_no_sampling,97.7323155187574,0.9732308055690422,0.9837419436436223,0.9732308055690422,228621,0.0019120853164969847,0.026769194430957786,800.2176976204,8096.140625,2801.875,3637.01171875,1890.0
e_graphsage_mean,96.87698932948473,0.961565210544963,0.9792813984643634,0.961565210544963,228621,0.00274534210393121,0.038434789455036936,721.0613453388,8178.6953125,2805.875,3519.1328125,1942.0
