model_name,f1-score,precision,recall,support
e_gat_no_sampling,0.44223338908363174,0.40089247666540456,0.6362410978435571,535059
e_graphsage_mean,0.39589550028029535,0.34249812953572917,0.6020356674865215,535059
e_gat_sampling,0.3831333231550126,0.33587058506871825,0.5976702162502361,535059
e_graphsage_mean_no_sampling,0.44403642371448965,0.3815096576585947,0.6572446045393235,535059
e_gcn,0.43074006613255567,0.3704980807656611,0.6217953823122333,535059
e_graphsage_sum_no_sampling,0.45394066845225883,0.40592207316330836,0.6817568227649601,535059
e_graphsage_sum,0.4995815420533683,0.44986837209856506,0.6700494092286887,535059
