model_name,test_weighted_f1,test_accuracy,precision,recall,support,global_FPR,global_FNR,Time Consumption (s),CPU_Peak_MB,GPU_Peak_MB,cpu_mem_used,gpu_mem_used
e_gat_no_sampling,81.91999666660261,0.7967850274455714,0.8607219765765978,0.7967850274455714,535059,0.02257944139493651,0.20321497255442858,1841.9916746616,17622.375,9819.875,9633.4296875,8130.0
e_graphsage_mean,81.98803112998957,0.8032347834537873,0.8421539429531893,0.8032347834537873,535059,0.021862801838468074,0.19676521654621265,1391.5734848976,17435.40234375,6257.875,9724.98046875,4568.0
e_gat_sampling,82.24880797188386,0.8120655852905941,0.8371932974298072,0.8120655852905941,535059,0.02088160163437843,0.1879344147094059,1441.3522381783,17600.31640625,6263.875,9586.43359375,4574.0
e_graphsage_mean_no_sampling,81.61689224539137,0.7877822819539527,0.8636272410587579,0.7877822819539527,535059,0.023579746449560807,0.21221771804604725,1456.0283396244,17400.38671875,6255.875,9966.703125,4424.0
e_gcn,82.07227198937123,0.7969756606280802,0.8577052128519346,0.7969756606280802,535059,0.022558259930213303,0.20302433937191974,1514.0104827881,16898.26171875,6307.875,10262.8984375,4984.0
e_graphsage_sum_no_sampling,85.83556501167352,0.8421931039380703,0.9008543281387337,0.8421931039380703,535059,0.017534099562436626,0.15780689606192963,1397.3262476921,17473.55078125,6257.875,9689.49609375,4568.0
e_graphsage_sum,82.61976802119636,0.8057690834094932,0.8723668438002913,0.8057690834094932,535059,0.02158121295450076,0.19423091659050684,1303.5061459541,17522.74609375,6257.875,9680.1796875,4568.0
