model_name,test_accuracy,test_weighted_f1,test_loss,recall,precision,test_fpr,test_fnr,test_auc,global_FPR,global_FNR,time_seconds,CPU_Peak_MB,GPU_Peak_MB,cpu_mem_used,gpu_mem_used
cnn_gru,0.5189633292777058,0.42092920977263515,1.1873289346694946,0.5189633292777058,0.47090787307155674,0.0534485189691438,0.48103667072229417,90.45501562075366,0.0534485189691438,0.48103667072229417,3135.9453592300415,"(19582.8515625,)","(783.875,)","(2353.91015625,)","(376.0,)"
mlp,0.856972782440815,0.8658413296997985,0.35670754313468933,0.856972782440815,0.8909215003884723,0.015891913062131672,0.14302721755918507,98.00418260784993,0.015891913062131672,0.14302721755918507,2354.5263872146606,"(16054.81640625,)","(551.875,)","(2847.40234375,)","(284.0,)"
cnn_lstm,0.8300636004627527,0.847436456969845,0.42428624629974365,0.8300636004627527,0.8874331240836069,0.018881822170805255,0.1699363995372473,97.5184816158751,0.018881822170805255,0.1699363995372473,3376.8139057159424,"(19144.26171875,)","(623.875,)","(2353.81640625,)","(216.0,)"
cnn,0.7962056520869661,0.826765626561174,0.416526198387146,0.7962056520869661,0.8978093527472858,0.022643816434781545,0.20379434791303389,97.46971667380681,0.022643816434781545,0.20379434791303389,2770.1958825588226,"(18939.69921875,)","(579.875,)","(2353.83984375,)","(176.0,)"
