model_name,test_accuracy,test_weighted_f1,test_loss,recall,precision,test_auc,global_FPR,global_FNR,time_seconds,CPU_Peak_MB,GPU_Peak_MB,cpu_mem_used,gpu_mem_used
cnn_gru,0.842398689,0.855160764,0.346969694,0.842398689,0.88992708,97.90330113,0.017511257,0.157601311,3135.945359,"(19582.8515625,)","(783.875,)","(2353.91015625,)","(376.0,)"
mlp,0.856972782,0.86584133,0.356707543,0.856972782,0.8909215,98.00418261,0.015891913,0.143027218,2354.526387,"(16054.81640625,)","(551.875,)","(2847.40234375,)","(284.0,)"
cnn_lstm,0.8300636,0.847436457,0.424286246,0.8300636,0.887433124,97.51848162,0.018881822,0.1699364,3376.813906,"(19144.26171875,)","(623.875,)","(2353.81640625,)","(216.0,)"
cnn,0.796205652,0.826765627,0.416526198,0.796205652,0.897809353,97.46971667,0.022643816,0.203794348,2770.195883,"(18939.69921875,)","(579.875,)","(2353.83984375,)","(176.0,)"
