model,F1,Precision,Recall,Support,FNR,FPR
cnn_gru,0.480815554,0.448602534,0.585871002,535059,0.414128998,0.018124382
mlp,0.529220341,0.505198195,0.595423651,535059,0.404576349,0.016966319
cnn_lstm,0.501611798,0.481769462,0.579584764,535059,0.420415236,0.019593213
cnn,0.507939322,0.480024847,0.589979723,535059,0.410020277,0.022141487
