model_name,test_weighted_f1,test_accuracy,precision,recall,support,global_FPR,global_FNR,Time Consumption (s),CPU_Peak_MB,GPU_Peak_MB,cpu_mem_used,gpu_mem_used
e_graphsage_mean_no_sampling,97.46092675267808,0.970680733615897,0.9812493494544973,0.970680733615897,228621,0.0020942333131502107,0.029319266384102947,895.4916660786,8215.47265625,2801.875,3963.61328125,1890.0
e_gat_sampling,96.77179501332265,0.9603317280564777,0.9784790708431587,0.9603317280564777,228621,0.002833447995965875,0.03966827194352225,858.7789394855,8429.1640625,2887.875,3685.5859375,2024.0
e_graphsage_mean,96.79853302700715,0.9571736629618451,0.9817891017584783,0.9571736629618451,228621,0.003059024074153918,0.04282633703815485,817.0839188099,8091.04296875,2805.875,3530.62109375,1942.0
e_graphsage_sum_no_sampling,96.44035667953878,0.9568543572112798,0.9762831359591,0.9568543572112798,228621,0.0030818316277657284,0.0431456427887202,869.4561679363,8155.12890625,2801.875,3604.34765625,1938.0
e_gcn,97.4582467415557,0.9705276418176808,0.981194377336566,0.9705276418176808,228621,0.002105168441594229,0.02947235818231921,894.9041821957,7658.3359375,2741.875,4015.60546875,2010.0
e_gat_no_sampling,97.68038579164107,0.9741843487693607,0.9815869154699008,0.9741843487693607,228621,0.001843975087902811,0.025815651230639357,1420.903888464,8323.9453125,4129.875,3161.859375,3264.0
e_graphsage_sum,97.66970138570233,0.9734188897782793,0.9824577107529681,0.9734188897782793,228621,0.0018986507301229046,0.026581110221720664,829.4208014011,8218.38671875,2775.875,3608.8828125,1912.0
