model_name,test_accuracy,test_weighted_f1,test_loss,recall,precision,test_auc,global_FPR,global_FNR,time_seconds,CPU_Peak_MB,GPU_Peak_MB,cpu_mem_used,gpu_mem_used
cnn,0.940139544,0.950406732,0.144656748,0.940139544,0.967519512,99.50607355,0.004275747,0.059860456,1567.39087,"(10063.54296875,)","(511.875,)","(1053.57421875,)","(106.0,)"
cnn_gru,0.934174814,0.94306449,0.185891122,0.934174814,0.959807357,99.27954043,0.004701799,0.065825186,1795.707114,"(10464.91796875,)","(715.875,)","(1053.49609375,)","(306.0,)"
cnn_lstm,0.932728926,0.939183903,0.206206098,0.932728926,0.954797555,99.31993687,0.004805077,0.067271074,1966.423978,"(10170.8125,)","(583.875,)","(1053.484375,)","(176.0,)"
mlp,0.964147672,0.965943986,0.120951481,0.964147672,0.969630491,99.46726963,0.002560881,0.035852328,1301.645916,"(8757.01953125,)","(483.875,)","(1640.15234375,)","(216.0,)"
gru,0.889402856,0.913701936,0.405897321,0.889402856,0.954681697,0.982702096,0.007899796,0.110597144,1853.712919,14555.03125,581.875,7226.417969,116
ae_decoder,0.855332522,0.886901183,0.443545914,0.855332522,0.944775207,0.979910212,0.010333391,0.144667478,1999.740001,14264.3125,521.875,6896.175781,66
lstm,0.898816934,0.921444255,0.378383697,0.898816934,0.958525471,0.979344363,0.007227362,0.101183066,1947.97894,14308.96875,575.875,8376.722656,208
bilstm,0.922508912,0.938011307,0.316523309,0.922508912,0.963228329,0.980758721,0.005535078,0.077491088,2148.50098,14266.71875,627.875,8327.71875,260
