model_name,test_accuracy,test_weighted_f1,test_loss,recall,precision,test_fpr,test_fnr,test_auc,global_FPR,global_FNR,time_seconds,CPU_Peak_MB,GPU_Peak_MB,cpu_mem_used,gpu_mem_used
cnn,0.9401395441368726,0.9504067324979062,0.14465674757957458,0.9401395441368726,0.9675195119424272,0.004275746847366242,0.05986045586312738,99.50607354838873,0.004275746847366242,0.05986045586312738,1567.3908700942993,"(10063.54296875,)","(511.875,)","(1053.57421875,)","(106.0,)"
cnn_gru,0.9341748138464162,0.9430644896615901,0.18589112162590027,0.9341748138464162,0.9598073571542083,0.004701799010970272,0.0658251861535838,99.27954042837767,0.004701799010970272,0.0658251861535838,1795.707114458084,"(10464.91796875,)","(715.875,)","(1053.49609375,)","(306.0,)"
cnn_lstm,0.9327289262774967,0.9391839034879833,0.20620609819889069,0.9327289262774967,0.9547975550242652,0.004805076694464519,0.06727107372250327,99.31993687410721,0.004805076694464519,0.06727107372250327,1966.4239778518677,"(10170.8125,)","(583.875,)","(1053.484375,)","(176.0,)"
mlp,0.9641476723696925,0.9659439855983797,0.12095148116350174,0.9641476723696925,0.9696304907133089,0.002560880545021965,0.03585232763030751,99.46726962565874,0.002560880545021965,0.03585232763030751,1301.6459157466888,"(8757.01953125,)","(483.875,)","(1640.15234375,)","(216.0,)"
